Target,Model,Horizon,MAE,RMSE,MAPE(%),SMAPE(%),R2,RMSE($),MAPE_thr(%),RMSE_thr($),Pass
MG95,ARIMAX,1,0.9752,2.1116,0.9796,0.9759,0.986,2.1116,3.0,2.0,False
MG95,SARIMA,1,1.5108,3.0496,1.554,1.5528,0.9709,3.0496,3.0,2.0,False
MG95,Jump-Gated ARIMAX-CatBoost,1,1.0799,2.7229,1.0457,1.0432,0.9767,2.7229,3.0,2.0,False
MG95,Ridge (Linear),1,1.4194,2.8282,1.4162,1.4252,0.9749,2.8282,3.0,2.0,False
MG95,LightGBM,1,1.9689,3.6704,2.0071,2.0372,0.9577,3.6704,3.0,2.0,False
MG95,LSTM,1,3.8246,7.8709,3.652,3.7893,0.8065,7.8709,3.0,2.0,False
MG95,iTransformer,1,5.0085,10.1777,4.7069,4.9495,0.6765,10.1777,3.0,2.0,False
MG95,GUMNet-Lite,1,5.9516,8.4938,6.5176,6.3465,0.7747,8.4938,3.0,2.0,False
MG95,GUMNet-Ultra,1,4.5973,7.2939,4.8083,4.7547,0.8339,7.2939,3.0,2.0,False
MG95,ARIMAX,5,2.2064,4.0957,2.237,2.227,0.9478,4.0957,3.0,2.0,False
MG95,SARIMA,5,3.7698,6.9018,3.8635,3.9068,0.8518,6.9018,3.0,2.0,False
MG95,Jump-Gated ARIMAX-CatBoost,5,2.2081,4.1143,2.2386,2.226,0.947,4.1143,3.0,2.0,False
MG95,Ridge (Linear),5,3.221,5.6111,3.3541,3.3631,0.9013,5.6111,3.0,2.0,False
MG95,LightGBM,5,3.7299,6.6666,3.8518,3.9712,0.8607,6.6666,3.0,2.0,False
MG95,LSTM,5,6.3809,12.6172,6.2358,6.7112,0.5038,12.6172,3.0,2.0,False
MG95,iTransformer,5,6.2496,13.3032,5.8013,6.2432,0.4484,13.3032,3.0,2.0,False
MG95,GUMNet-Lite,5,6.9016,10.3825,7.3572,7.3521,0.664,10.3825,3.0,2.0,False
MG95,GUMNet-Ultra,5,5.1314,11.1225,5.0157,5.3592,0.6144,11.1225,3.0,2.0,False
MG95,ARIMAX,10,2.7976,5.0518,2.8368,2.8177,0.9214,5.0518,5.0,2.0,False
MG95,SARIMA,10,4.8785,10.2419,4.8296,5.021,0.6771,10.2419,5.0,2.0,False
MG95,Jump-Gated ARIMAX-CatBoost,10,2.8709,5.2355,2.9025,2.8713,0.9141,5.2355,5.0,2.0,False
MG95,Ridge (Linear),10,4.9014,9.8235,4.8589,4.8678,0.6976,9.8235,5.0,2.0,False
MG95,LightGBM,10,6.9878,13.5859,6.7443,7.1135,0.4216,13.5859,5.0,2.0,False
MG95,LSTM,10,7.1767,13.8675,6.9301,7.3777,0.4029,13.8675,5.0,2.0,False
MG95,iTransformer,10,8.8148,16.6898,8.3307,8.9964,0.1352,16.6898,5.0,2.0,False
MG95,GUMNet-Lite,10,8.6404,14.488,8.8074,9.3575,0.3483,14.488,5.0,2.0,False
MG95,GUMNet-Ultra,10,7.3008,12.9087,7.4027,7.6685,0.4826,12.9087,5.0,2.0,False
MG95,ARIMAX,15,3.4452,6.0917,3.4864,3.4515,0.887,6.0917,5.0,2.0,False
MG95,SARIMA,15,5.989,13.2602,5.7751,6.1194,0.4644,13.2602,5.0,2.0,False
MG95,Jump-Gated ARIMAX-CatBoost,15,3.8155,7.1464,3.7851,3.7098,0.8402,7.1464,5.0,2.0,False
MG95,Ridge (Linear),15,6.9117,14.1907,6.6103,6.6098,0.3701,14.1907,5.0,2.0,False
MG95,LightGBM,15,5.8184,12.972,5.5677,5.9632,0.4736,12.972,5.0,2.0,False
MG95,LSTM,15,7.987,16.2082,7.4945,8.1589,0.1859,16.2082,5.0,2.0,False
MG95,iTransformer,15,9.9165,16.8872,9.8041,10.272,0.1163,16.8872,5.0,2.0,False
MG95,GUMNet-Lite,15,9.535,18.1597,9.2869,10.3792,-0.0219,18.1597,5.0,2.0,False
MG95,GUMNet-Ultra,15,7.9173,14.64,7.7827,8.1845,0.3359,14.64,5.0,2.0,False
MG95,ARIMAX,20,3.7859,6.7586,3.8622,3.8016,0.8624,6.7586,5.0,2.0,False
MG95,SARIMA,20,7.1636,15.4098,6.833,7.3191,0.2847,15.4098,5.0,2.0,False
MG95,Jump-Gated ARIMAX-CatBoost,20,4.3955,8.6984,4.3419,4.2022,0.7633,8.6984,5.0,2.0,False
MG95,Ridge (Linear),20,8.5732,17.7561,8.092,7.9662,0.0137,17.7561,5.0,2.0,False
MG95,LightGBM,20,8.821,16.1713,8.6723,9.1415,0.1819,16.1713,5.0,2.0,False
MG95,LSTM,20,8.5956,17.3112,8.0355,8.8246,0.0755,17.3112,5.0,2.0,False
MG95,iTransformer,20,12.0124,19.6481,11.9704,12.4992,-0.191,19.6481,5.0,2.0,False
MG95,GUMNet-Lite,20,10.3704,19.0705,9.8575,11.0134,-0.122,19.0705,5.0,2.0,False
MG95,GUMNet-Ultra,20,8.984,17.0031,8.7813,9.4322,0.1081,17.0031,5.0,2.0,False
MG95,ARIMAX,30,4.2465,7.0969,4.3669,4.2878,0.8517,7.0969,,2.0,False
MG95,SARIMA,30,8.5796,18.1749,8.0477,8.8458,0.0272,18.1749,,2.0,False
MG95,Jump-Gated ARIMAX-CatBoost,30,4.9482,9.427,4.9592,4.8323,0.7225,9.427,,2.0,False
MG95,Ridge (Linear),30,10.2983,20.4803,9.8031,9.6579,-0.3098,20.4803,,2.0,False
MG95,LightGBM,30,9.2668,17.1683,9.0095,9.5888,0.0796,17.1683,,2.0,False
MG95,LSTM,30,10.7871,19.8118,10.4328,11.1174,-0.2083,19.8118,,2.0,False
MG95,iTransformer,30,15.0476,22.7348,15.4732,15.827,-0.5911,22.7348,,2.0,False
MG95,GUMNet-Lite,30,10.8521,22.0131,9.9826,11.489,-0.4917,22.0131,,2.0,False
MG95,GUMNet-Ultra,30,11.1782,19.2034,11.0063,11.8027,-0.1352,19.2034,,2.0,False
MG95,ARIMAX,60,3.8244,5.266,4.2186,4.1709,0.9237,5.266,,2.0,False
MG95,SARIMA,60,10.9924,22.4086,9.9718,11.3846,-0.382,22.4086,,2.0,False
MG95,Jump-Gated ARIMAX-CatBoost,60,5.145,6.1706,5.7799,5.8271,0.8818,6.1706,,2.0,False
MG95,Ridge (Linear),60,9.4396,18.189,8.8327,9.8017,-0.0272,18.189,,2.0,False
MG95,LightGBM,60,12.4454,20.4288,12.5123,13.1065,-0.2958,20.4288,,2.0,False
MG95,LSTM,60,15.4875,27.637,14.7858,17.9182,-1.3213,27.637,,2.0,False
MG95,iTransformer,60,16.0737,27.3623,15.7833,17.2676,-1.2754,27.3623,,2.0,False
MG95,GUMNet-Lite,60,14.3895,26.7456,13.5191,16.3188,-1.174,26.7456,,2.0,False
MG95,GUMNet-Ultra,60,11.4503,21.2237,10.8524,12.0994,-0.369,21.2237,,2.0,False
MG92,ARIMAX,1,0.957,1.9849,1.0059,1.003,0.9854,1.9849,3.0,2.0,True
MG92,SARIMA,1,1.4796,2.8648,1.5881,1.5886,0.9695,2.8648,3.0,2.0,False
MG92,Jump-Gated ARIMAX-CatBoost,1,1.0169,2.3949,1.0382,1.0383,0.9787,2.3949,3.0,2.0,False
MG92,Ridge (Linear),1,1.4097,2.6109,1.5111,1.5199,0.9746,2.6109,3.0,2.0,False
MG92,LightGBM,1,2.2203,3.291,2.5106,2.5348,0.9597,3.291,3.0,2.0,False
MG92,LSTM,1,3.9079,8.2388,3.8684,4.0408,0.7488,8.2388,3.0,2.0,False
MG92,iTransformer,1,5.0687,9.0674,5.1907,5.3534,0.6958,9.0674,3.0,2.0,False
MG92,GUMNet-Lite,1,4.7869,6.6552,5.4969,5.3941,0.8361,6.6552,3.0,2.0,False
MG92,GUMNet-Ultra,1,3.2216,4.6238,3.711,3.6464,0.9209,4.6238,3.0,2.0,False
MG92,ARIMAX,5,2.0785,3.5365,2.2262,2.217,0.9539,3.5365,3.0,2.0,False
MG92,SARIMA,5,3.5302,6.0751,3.8193,3.8605,0.864,6.0751,3.0,2.0,False
MG92,Jump-Gated ARIMAX-CatBoost,5,2.1031,3.5965,2.249,2.2346,0.952,3.5965,3.0,2.0,False
MG92,Ridge (Linear),5,2.966,4.8653,3.2649,3.2726,0.9121,4.8653,3.0,2.0,False
MG92,LightGBM,5,3.9137,6.2895,4.2887,4.398,0.8531,6.2895,3.0,2.0,False
MG92,LSTM,5,5.9278,11.2034,5.9383,6.3166,0.5365,11.2034,3.0,2.0,False
MG92,iTransformer,5,6.0287,11.9169,5.9959,6.3397,0.4756,11.9169,3.0,2.0,False
MG92,GUMNet-Lite,5,6.139,9.5516,6.8101,6.9581,0.6631,9.5516,3.0,2.0,False
MG92,GUMNet-Ultra,5,5.1415,10.981,5.2153,5.5791,0.5547,10.981,3.0,2.0,False
MG92,ARIMAX,10,2.4778,4.3016,2.6896,2.6695,0.9325,4.3016,5.0,2.0,False
MG92,SARIMA,10,4.5779,9.0315,4.8191,4.9834,0.7025,9.0315,5.0,2.0,False
MG92,Jump-Gated ARIMAX-CatBoost,10,2.7393,4.9908,2.9086,2.8669,0.9075,4.9908,5.0,2.0,False
MG92,Ridge (Linear),10,4.3477,8.3665,4.5676,4.5754,0.74,8.3665,5.0,2.0,False
MG92,LightGBM,10,5.6798,9.5206,6.1393,6.455,0.6634,9.5206,5.0,2.0,False
MG92,LSTM,10,6.7921,12.3258,6.9979,7.3684,0.4411,12.3258,5.0,2.0,False
MG92,iTransformer,10,8.4667,15.2074,8.4844,8.9961,0.1493,15.2074,5.0,2.0,False
MG92,GUMNet-Lite,10,9.1976,13.3778,10.0851,10.2705,0.3417,13.3778,5.0,2.0,False
MG92,GUMNet-Ultra,10,7.4863,12.5912,7.8241,8.1539,0.4168,12.5912,5.0,2.0,False
MG92,ARIMAX,15,3.0616,5.0345,3.3457,3.3086,0.9086,5.0345,5.0,2.0,False
MG92,SARIMA,15,5.696,11.7796,5.8105,6.1172,0.4994,11.7796,5.0,2.0,False
MG92,Jump-Gated ARIMAX-CatBoost,15,3.3175,5.996,3.5633,3.4835,0.8667,5.996,5.0,2.0,False
MG92,Ridge (Linear),15,6.1054,12.1924,6.1743,6.1765,0.4489,12.1924,5.0,2.0,False
MG92,LightGBM,15,7.7856,14.1721,7.9401,8.3491,0.2554,14.1721,5.0,2.0,False
MG92,LSTM,15,7.9732,14.8284,8.013,8.5671,0.1928,14.8284,5.0,2.0,False
MG92,iTransformer,15,9.4257,15.5103,9.7879,10.1518,0.1169,15.5103,5.0,2.0,False
MG92,GUMNet-Lite,15,9.2825,17.1831,9.3506,10.5096,-0.0838,17.1831,5.0,2.0,False
MG92,GUMNet-Ultra,15,6.6976,12.7164,6.984,7.3264,0.4064,12.7164,5.0,2.0,False
MG92,ARIMAX,20,3.3113,5.3705,3.6628,3.6079,0.8971,5.3705,5.0,2.0,False
MG92,SARIMA,20,6.6737,13.7535,6.7217,7.1716,0.3252,13.7535,5.0,2.0,False
MG92,Jump-Gated ARIMAX-CatBoost,20,3.9334,6.9365,4.2463,4.1466,0.8216,6.9365,5.0,2.0,False
MG92,Ridge (Linear),20,7.6999,15.53,7.6212,7.5174,0.1059,15.53,5.0,2.0,False
MG92,LightGBM,20,8.4419,14.9581,8.6525,9.0975,0.1706,14.9581,5.0,2.0,False
MG92,LSTM,20,8.1872,15.5881,8.1469,8.8367,0.1119,15.5881,5.0,2.0,False
MG92,iTransformer,20,11.7866,19.3046,12.2649,12.833,-0.362,19.3046,5.0,2.0,False
MG92,GUMNet-Lite,20,10.394,18.8552,10.3125,11.6777,-0.2993,18.8552,5.0,2.0,False
MG92,GUMNet-Ultra,20,9.0655,16.5846,9.1608,9.8076,-0.0052,16.5846,5.0,2.0,False
MG92,ARIMAX,30,3.7344,5.9135,4.1687,4.0867,0.878,5.9135,,2.0,False
MG92,SARIMA,30,8.1389,16.4301,8.0817,8.8372,0.0583,16.4301,,2.0,False
MG92,Jump-Gated ARIMAX-CatBoost,30,4.2474,7.5326,4.6102,4.4892,0.79,7.5326,,2.0,False
MG92,Ridge (Linear),30,9.3391,18.2715,9.2604,9.1262,-0.2353,18.2715,,2.0,False
MG92,LightGBM,30,9.1005,15.655,9.3918,9.8517,0.0931,15.655,,2.0,False
MG92,LSTM,30,14.683,20.4328,16.0984,16.0561,-0.5225,20.4328,,2.0,False
MG92,iTransformer,30,14.0605,21.218,15.1202,15.3126,-0.6418,21.218,,2.0,False
MG92,GUMNet-Lite,30,12.3144,22.2433,12.2817,14.4018,-0.8043,22.2433,,2.0,False
MG92,GUMNet-Ultra,30,11.1798,18.6635,11.5306,12.5985,-0.2703,18.6635,,2.0,False
MG92,ARIMAX,60,3.939,5.4402,4.5577,4.4995,0.9031,5.4402,,2.0,False
MG92,SARIMA,60,10.7985,20.8657,10.3522,11.7316,-0.4256,20.8657,,2.0,False
MG92,Jump-Gated ARIMAX-CatBoost,60,4.7435,5.9635,5.5468,5.5155,0.8692,5.9635,,2.0,False
MG92,Ridge (Linear),60,8.6665,16.9114,8.3985,9.3436,-0.052,16.9114,,2.0,False
MG92,LightGBM,60,11.5938,18.7618,12.1327,12.6985,-0.2948,18.7618,,2.0,False
MG92,LSTM,60,19.4481,29.8813,20.3446,24.2624,-2.2138,29.8813,,2.0,False
MG92,iTransformer,60,15.5927,28.1745,15.7143,17.4479,-1.8572,28.1745,,2.0,False
MG92,GUMNet-Lite,60,24.7331,33.0874,26.876,33.1341,-2.9405,33.0874,,2.0,False
MG92,GUMNet-Ultra,60,12.572,21.1376,12.8231,14.497,-0.6082,21.1376,,2.0,False
DO 0.001%,ARIMAX,1,1.7624,4.9582,1.303,1.3005,0.9788,4.9582,3.0,2.0,False
DO 0.001%,SARIMA,1,2.2982,5.6437,1.8125,1.8152,0.9726,5.6437,3.0,2.0,False
DO 0.001%,Jump-Gated ARIMAX-CatBoost,1,1.8395,5.3678,1.3105,1.3114,0.9751,5.3678,3.0,2.0,False
DO 0.001%,Ridge (Linear),1,2.2791,5.8558,1.7454,1.7703,0.9704,5.8558,3.0,2.0,False
DO 0.001%,LightGBM,1,4.9505,15.1666,3.1837,3.4423,0.8016,15.1666,3.0,2.0,False
DO 0.001%,LSTM,1,8.4417,20.9506,5.8422,6.346,0.6239,20.9506,3.0,2.0,False
DO 0.001%,iTransformer,1,10.7427,28.1912,7.1718,8.3291,0.319,28.1912,3.0,2.0,False
DO 0.001%,GUMNet-Lite,1,7.2069,16.9636,5.3686,5.6977,0.7534,16.9636,3.0,2.0,False
DO 0.001%,GUMNet-Ultra,1,6.3211,16.1872,4.5617,4.8493,0.7755,16.1872,3.0,2.0,False
DO 0.001%,ARIMAX,5,4.1405,10.705,3.0954,3.0816,0.9022,10.705,3.0,2.0,False
DO 0.001%,SARIMA,5,5.5364,12.4687,4.4235,4.4787,0.8673,12.4687,3.0,2.0,False
DO 0.001%,Jump-Gated ARIMAX-CatBoost,5,4.0691,10.5614,3.0417,3.0297,0.904,10.5614,3.0,2.0,False
DO 0.001%,Ridge (Linear),5,5.7848,13.0468,4.4425,4.6245,0.8535,13.0468,3.0,2.0,False
DO 0.001%,LightGBM,5,8.7022,21.3817,6.0917,6.7292,0.6065,21.3817,3.0,2.0,False
DO 0.001%,LSTM,5,12.1717,27.2348,8.9569,10.1221,0.3657,27.2348,3.0,2.0,False
DO 0.001%,iTransformer,5,12.2526,30.4923,8.4075,9.8104,0.205,30.4923,3.0,2.0,False
DO 0.001%,GUMNet-Lite,5,11.9114,23.8026,9.4911,10.5643,0.5155,23.8026,3.0,2.0,False
DO 0.001%,GUMNet-Ultra,5,10.6436,24.5101,7.877,8.4701,0.4863,24.5101,3.0,2.0,False
DO 0.001%,ARIMAX,10,6.1822,15.6432,4.587,4.5257,0.7934,15.6432,5.0,2.0,False
DO 0.001%,SARIMA,10,8.5043,19.2986,6.6333,6.7877,0.6856,19.2986,5.0,2.0,False
DO 0.001%,Jump-Gated ARIMAX-CatBoost,10,6.1661,15.7888,4.6064,4.5207,0.7855,15.7888,5.0,2.0,False
DO 0.001%,Ridge (Linear),10,7.869,17.9425,5.9908,6.3584,0.7229,17.9425,5.0,2.0,False
DO 0.001%,LightGBM,10,12.3348,25.2616,9.6813,10.8521,0.4508,25.2616,5.0,2.0,False
DO 0.001%,LSTM,10,12.2105,28.3793,8.6331,9.8689,0.3143,28.3793,5.0,2.0,False
DO 0.001%,iTransformer,10,15.655,34.1816,11.297,13.3405,0.0052,34.1816,5.0,2.0,False
DO 0.001%,GUMNet-Lite,10,13.2979,29.5363,10.174,11.6625,0.2573,29.5363,5.0,2.0,False
DO 0.001%,GUMNet-Ultra,10,11.8093,25.7394,9.1895,9.889,0.4359,25.7394,5.0,2.0,False
DO 0.001%,ARIMAX,15,8.0346,18.8971,5.8621,5.8406,0.7018,18.8971,5.0,2.0,False
DO 0.001%,SARIMA,15,11.1196,25.1598,8.2634,8.6664,0.4714,25.1598,5.0,2.0,False
DO 0.001%,Jump-Gated ARIMAX-CatBoost,15,8.0178,19.0413,5.8477,5.7955,0.6886,19.0413,5.0,2.0,False
DO 0.001%,Ridge (Linear),15,9.8286,22.5722,7.3713,8.0011,0.5624,22.5722,5.0,2.0,False
DO 0.001%,LightGBM,15,13.2244,28.6855,9.9315,11.3296,0.2933,28.6855,5.0,2.0,False
DO 0.001%,LSTM,15,14.5497,33.5546,10.1942,11.8723,0.0435,33.5546,5.0,2.0,False
DO 0.001%,iTransformer,15,14.2661,33.2363,10.0086,11.6281,0.0615,33.2363,5.0,2.0,False
DO 0.001%,GUMNet-Lite,15,16.1429,33.5769,12.5539,14.7328,0.0422,33.5769,5.0,2.0,False
DO 0.001%,GUMNet-Ultra,15,13.3066,29.0284,10.4004,11.1806,0.2841,29.0284,5.0,2.0,False
DO 0.001%,ARIMAX,20,9.3958,21.5928,6.8389,6.8542,0.6148,21.5928,5.0,2.0,False
DO 0.001%,SARIMA,20,13.4114,30.0799,9.8433,10.4828,0.2525,30.0799,5.0,2.0,False
DO 0.001%,Jump-Gated ARIMAX-CatBoost,20,9.1731,21.1949,6.7246,6.7368,0.6142,21.1949,5.0,2.0,False
DO 0.001%,Ridge (Linear),20,11.3467,26.3776,8.4599,9.2799,0.4025,26.3776,5.0,2.0,False
DO 0.001%,LightGBM,20,13.1651,31.5113,9.1517,10.6705,0.1473,31.5113,5.0,2.0,False
DO 0.001%,LSTM,20,15.4629,31.9659,11.8088,13.479,0.1355,31.9659,5.0,2.0,False
DO 0.001%,iTransformer,20,17.6049,36.9128,13.2513,14.8072,-0.1527,36.9128,5.0,2.0,False
DO 0.001%,GUMNet-Lite,20,15.1862,35.52,10.6714,12.7465,-0.0674,35.52,5.0,2.0,False
DO 0.001%,GUMNet-Ultra,20,14.5665,33.5723,10.5906,12.2534,0.0465,33.5723,5.0,2.0,False
DO 0.001%,ARIMAX,30,10.0374,22.2404,7.3683,7.7068,0.5999,22.2404,,2.0,False
DO 0.001%,SARIMA,30,15.0507,34.3119,10.9613,12.3308,0.0477,34.3119,,2.0,False
DO 0.001%,Jump-Gated ARIMAX-CatBoost,30,10.1624,22.3359,7.5391,7.845,0.5725,22.3359,,2.0,False
DO 0.001%,Ridge (Linear),30,14.3135,32.4441,10.6316,11.7284,0.098,32.4441,,2.0,False
DO 0.001%,LightGBM,30,14.2091,34.6563,9.7421,11.5177,-0.0292,34.6563,,2.0,False
DO 0.001%,LSTM,30,17.4918,34.5666,13.8181,15.8994,-0.0087,34.5666,,2.0,False
DO 0.001%,iTransformer,30,19.5887,38.2351,15.3992,16.6534,-0.2342,38.2351,,2.0,False
DO 0.001%,GUMNet-Lite,30,17.7749,37.8653,12.9757,15.6904,-0.2104,37.8653,,2.0,False
DO 0.001%,GUMNet-Ultra,30,15.9586,34.8247,11.6914,13.4026,-0.0238,34.8247,,2.0,False
DO 0.001%,ARIMAX,60,10.482,22.5388,7.7279,8.3715,0.6133,22.5388,,2.0,False
DO 0.001%,SARIMA,60,18.8274,40.556,13.3393,15.879,-0.2521,40.556,,2.0,False
DO 0.001%,Jump-Gated ARIMAX-CatBoost,60,10.2364,21.3841,7.9642,8.4651,0.6107,21.3841,,2.0,False
DO 0.001%,Ridge (Linear),60,16.07,36.6922,11.446,13.3835,-0.1462,36.6922,,2.0,False
DO 0.001%,LightGBM,60,17.4816,38.1615,12.9503,14.8211,-0.2399,38.1615,,2.0,False
DO 0.001%,LSTM,60,25.2922,52.1536,18.7928,24.8188,-1.2664,52.1536,,2.0,False
DO 0.001%,iTransformer,60,25.9943,45.4767,21.7291,23.0331,-0.7233,45.4767,,2.0,False
DO 0.001%,GUMNet-Lite,60,26.3621,46.0762,21.2177,26.2303,-0.769,46.0762,,2.0,False
DO 0.001%,GUMNet-Ultra,60,19.6955,38.7223,15.2047,17.1534,-0.2494,38.7223,,2.0,False
DO 0.05%,ARIMAX,1,1.6934,4.7949,1.2843,1.2793,0.9778,4.7949,3.0,2.0,False
DO 0.05%,SARIMA,1,2.2844,5.6634,1.8338,1.8351,0.969,5.6634,3.0,2.0,False
DO 0.05%,Jump-Gated ARIMAX-CatBoost,1,1.7946,5.3053,1.3048,1.3049,0.9727,5.3053,3.0,2.0,False
DO 0.05%,Ridge (Linear),1,2.2517,5.8642,1.7653,1.7904,0.9667,5.8642,3.0,2.0,False
DO 0.05%,LightGBM,1,4.4837,13.5853,3.0511,3.2542,0.8211,13.5853,3.0,2.0,False
DO 0.05%,LSTM,1,8.5762,22.2001,5.8868,6.5977,0.5252,22.2001,3.0,2.0,False
DO 0.05%,iTransformer,1,10.6607,27.9758,7.4195,8.6055,0.2461,27.9758,3.0,2.0,False
DO 0.05%,GUMNet-Lite,1,8.3579,20.695,6.0403,6.5016,0.5874,20.695,3.0,2.0,False
DO 0.05%,GUMNet-Ultra,1,8.0915,17.8672,6.1957,6.3391,0.6925,17.8672,3.0,2.0,False
DO 0.05%,ARIMAX,5,4.0998,11.3229,3.1334,3.0796,0.877,11.3229,3.0,2.0,False
DO 0.05%,SARIMA,5,5.6198,13.1982,4.5384,4.5665,0.8329,13.1982,3.0,2.0,False
DO 0.05%,Jump-Gated ARIMAX-CatBoost,5,4.0538,11.2489,3.1046,3.0508,0.8776,11.2489,3.0,2.0,False
DO 0.05%,Ridge (Linear),5,5.7747,13.0972,4.4678,4.6405,0.834,13.0972,3.0,2.0,False
DO 0.05%,LightGBM,5,8.2027,18.2378,6.5096,7.0553,0.6782,18.2378,3.0,2.0,False
DO 0.05%,LSTM,5,11.8632,27.6668,8.6735,9.9122,0.2642,27.6668,3.0,2.0,False
DO 0.05%,iTransformer,5,11.8138,28.9982,8.4855,9.7845,0.1917,28.9982,3.0,2.0,False
DO 0.05%,GUMNet-Lite,5,12.5768,26.9728,9.7636,11.0635,0.3007,26.9728,3.0,2.0,False
DO 0.05%,GUMNet-Ultra,5,9.3455,23.6887,6.9104,7.6174,0.4606,23.6887,3.0,2.0,False
DO 0.05%,ARIMAX,10,6.108,16.0825,4.6379,4.4914,0.7545,16.0825,5.0,2.0,False
DO 0.05%,SARIMA,10,8.6226,19.9931,6.7766,6.8889,0.6207,19.9931,5.0,2.0,False
DO 0.05%,Jump-Gated ARIMAX-CatBoost,10,6.2105,16.3458,4.775,4.6052,0.7415,16.3458,5.0,2.0,False
DO 0.05%,Ridge (Linear),10,7.6422,17.944,5.9017,6.2264,0.6885,17.944,5.0,2.0,False
DO 0.05%,LightGBM,10,12.3378,23.4844,10.3288,11.4868,0.4664,23.4844,5.0,2.0,False
DO 0.05%,LSTM,10,13.1768,28.3905,10.0217,11.432,0.2286,28.3905,5.0,2.0,False
DO 0.05%,iTransformer,10,13.7217,31.3782,10.017,11.5684,0.0577,31.3782,5.0,2.0,False
DO 0.05%,GUMNet-Lite,10,13.4092,26.8075,11.036,11.4497,0.3122,26.8075,5.0,2.0,False
DO 0.05%,GUMNet-Ultra,10,11.804,27.8896,8.8371,9.9246,0.2556,27.8896,5.0,2.0,False
DO 0.05%,ARIMAX,15,7.9012,19.131,5.9014,5.7481,0.6564,19.131,5.0,2.0,False
DO 0.05%,SARIMA,15,11.1626,25.8243,8.3728,8.7136,0.374,25.8243,5.0,2.0,False
DO 0.05%,Jump-Gated ARIMAX-CatBoost,15,7.948,19.3145,5.9709,5.7878,0.6399,19.3145,5.0,2.0,False
DO 0.05%,Ridge (Linear),15,9.8435,22.9281,7.3988,7.9657,0.4925,22.9281,5.0,2.0,False
DO 0.05%,LightGBM,15,12.9514,28.7689,9.7838,11.2409,0.201,28.7689,5.0,2.0,False
DO 0.05%,LSTM,15,14.6017,30.2098,11.3207,12.9758,0.1285,30.2098,5.0,2.0,False
DO 0.05%,iTransformer,15,14.3193,32.7598,10.523,12.136,-0.0249,32.7598,5.0,2.0,False
DO 0.05%,GUMNet-Lite,15,14.8599,32.2931,11.4104,13.3779,0.0041,32.2931,5.0,2.0,False
DO 0.05%,GUMNet-Ultra,15,12.293,29.524,9.154,10.32,0.1676,29.524,5.0,2.0,False
DO 0.05%,ARIMAX,20,9.2306,21.5074,6.8524,6.7175,0.5704,21.5074,5.0,2.0,False
DO 0.05%,SARIMA,20,13.3176,30.367,9.8865,10.4673,0.1436,30.367,5.0,2.0,False
DO 0.05%,Jump-Gated ARIMAX-CatBoost,20,9.0105,21.0254,6.7439,6.6096,0.5732,21.0254,5.0,2.0,False
DO 0.05%,Ridge (Linear),20,11.4389,26.7681,8.5536,9.2896,0.3083,26.7681,5.0,2.0,False
DO 0.05%,LightGBM,20,12.9972,30.6739,9.4227,10.9849,0.0917,30.6739,5.0,2.0,False
DO 0.05%,LSTM,20,14.7384,30.836,11.5149,13.1052,0.0958,30.836,5.0,2.0,False
DO 0.05%,iTransformer,20,18.4715,36.4337,14.7891,16.4586,-0.2623,36.4337,5.0,2.0,False
DO 0.05%,GUMNet-Lite,20,14.2353,34.4597,10.0843,12.1323,-0.1293,34.4597,5.0,2.0,False
DO 0.05%,GUMNet-Ultra,20,14.8242,33.3764,11.0819,12.5795,-0.0594,33.3764,5.0,2.0,False
DO 0.05%,ARIMAX,30,9.5552,21.0647,7.2095,7.3519,0.5964,21.0647,,2.0,False
DO 0.05%,SARIMA,30,14.5615,33.4446,10.7751,12.0487,-0.0173,33.4446,,2.0,False
DO 0.05%,Jump-Gated ARIMAX-CatBoost,30,9.624,21.0734,7.3876,7.5036,0.5722,21.0734,,2.0,False
DO 0.05%,Ridge (Linear),30,13.8363,31.4209,10.4822,11.5036,0.049,31.4209,,2.0,False
DO 0.05%,LightGBM,30,13.2001,33.0011,9.2046,10.8956,-0.0491,33.0011,,2.0,False
DO 0.05%,LSTM,30,17.8164,35.8716,13.9955,16.2668,-0.2211,35.8716,,2.0,False
DO 0.05%,iTransformer,30,19.359,37.987,15.6954,17.1688,-0.3694,37.987,,2.0,False
DO 0.05%,GUMNet-Lite,30,19.269,37.1871,15.4839,18.5581,-0.3123,37.1871,,2.0,False
DO 0.05%,GUMNet-Ultra,30,16.8028,34.796,13.0732,15.1145,-0.149,34.796,,2.0,False
DO 0.05%,ARIMAX,60,8.8359,19.1136,6.9187,7.3807,0.6873,19.1136,,2.0,False
DO 0.05%,SARIMA,60,17.5057,38.1268,12.7506,15.0811,-0.2441,38.1268,,2.0,False
DO 0.05%,Jump-Gated ARIMAX-CatBoost,60,8.8456,18.2477,7.3305,7.6666,0.6813,18.2477,,2.0,False
DO 0.05%,Ridge (Linear),60,15.3521,35.5555,11.1934,13.1812,-0.2099,35.5555,,2.0,False
DO 0.05%,LightGBM,60,17.392,38.1193,13.2559,15.3162,-0.3906,38.1193,,2.0,False
DO 0.05%,LSTM,60,22.6142,47.9797,17.1324,21.9426,-1.1563,47.9797,,2.0,False
DO 0.05%,iTransformer,60,29.524,44.9995,26.7257,28.3428,-0.8967,44.9995,,2.0,False
DO 0.05%,GUMNet-Lite,60,26.5757,45.2368,22.1931,27.502,-0.9168,45.2368,,2.0,False
DO 0.05%,GUMNet-Ultra,60,18.4899,37.023,14.4683,16.6278,-0.2839,37.023,,2.0,False
